{
  "method": "SAR_manual_ML",
  "rho": 0.032934094855666764,
  "betas": [
    -14.078510564738316,
    1.8863887819643987
  ],
  "beta_names": [
    "intercept",
    "log_gdp_pc"
  ],
  "sigma2": 41.76555786242131,
  "log_likelihood": -134.68518911141854,
  "n_obs": 41
}