{
  "panel_rows": 230,
  "panel_countries": 10,
  "panel_years": [
    2000,
    2001,
    2002,
    2003,
    2004,
    2005,
    2006,
    2007,
    2008,
    2009,
    2010,
    2011,
    2012,
    2013,
    2014,
    2015,
    2016,
    2017,
    2018,
    2019,
    2020,
    2021,
    2022
  ],
  "missing_fnl_share": 0.0,
  "missing_dva_growth_share": 0.043478260869565216,
  "dva_ratio_range": [
    0.8371166676669511,
    2.805182871169488
  ]
}