donor_iso3,weight,rank
LBN,0.47699351666284245,1
SAU,0.2892450407818146,2
JOR,0.2232902101323182,3
YEM,0.010471232423024696,4
EGY,0.0,5
LBY,0.0,6
IRQ,0.0,7
MAR,0.0,8
TUN,0.0,9
