donor_iso3,weight,rank
TUN,0.6358865393702336,1
SYR,0.17432020122655095,2
EGY,0.11960919152082702,3
LBY,0.0701840678823884,4
IRQ,0.0,5
LBN,0.0,6
JOR,0.0,7
SAU,0.0,8
MAR,0.0,9
