{
  "panel_rows": 7498,
  "panel_regions": 309,
  "panel_years": [
    2000,
    2001,
    2002,
    2003,
    2004,
    2005,
    2006,
    2007,
    2008,
    2009,
    2010,
    2011,
    2012,
    2013,
    2014,
    2015,
    2016,
    2017,
    2018,
    2019,
    2020,
    2021,
    2022,
    2023,
    2024
  ],
  "treated_regions": 125,
  "control_regions": 184,
  "missing_gdp_growth_share": 0.044411843158175514,
  "forcing_var_range": [
    -18595.55,
    633362.5833333333
  ]
}