region,year,gdp_growth,log_gdp_pc,manufacturing_share,border_delay_index
R01,2024,2.1,9.215327913487222,20.5,0.31
R02,2024,2.6,9.121509158269568,18.9,0.28
R03,2024,1.5,8.961879012677683,15.9,0.42
R04,2024,2.3,9.249561085129464,22.1,0.25
R05,2024,1.9,9.0595174822416,17.2,0.37
R06,2024,2.8,9.174713194333032,19.7,0.33
